{
  "log_reg": {
    "roc_auc": 0.7356621677171828,
    "f1": 0.8764370792335577,
    "precision": 0.7859929407393647,
    "recall": 0.9904026217228464,
    "accuracy": 0.7831697564521992,
    "tn": 78,
    "fp": 1152,
    "fn": 41,
    "tp": 4231,
    "threshold": 0.12042997661720335,
    "val_best_f1": 0.8776694998175595
  },
  "random_forest": {
    "roc_auc": 0.8479679554520265,
    "f1": 0.8861883123745112,
    "precision": 0.8077441726064342,
    "recall": 0.9815074906367042,
    "accuracy": 0.8042529989094874,
    "tn": 232,
    "fp": 998,
    "fn": 79,
    "tp": 4193,
    "threshold": 0.3361762922850446,
    "val_best_f1": 0.8883725837269908
  },
  "xgboost": {
    "roc_auc": 0.9305911436923358,
    "f1": 0.9265718219366682,
    "precision": 0.9086408640864087,
    "recall": 0.9452247191011236,
    "accuracy": 0.8836786623046166,
    "tn": 824,
    "fp": 406,
    "fn": 234,
    "tp": 4038,
    "threshold": 0.30054137110710144,
    "val_best_f1": 0.9248594695013487
  },
  "lightgbm": {
    "roc_auc": 0.9689091950610518,
    "f1": 0.9511400651465798,
    "precision": 0.9454209065679926,
    "recall": 0.9569288389513109,
    "accuracy": 0.9236641221374046,
    "tn": 994,
    "fp": 236,
    "fn": 184,
    "tp": 4088,
    "threshold": 0.33056077286578894,
    "val_best_f1": 0.9512706919691157
  },
  "catboost": {
    "roc_auc": 0.9411998340489022,
    "f1": 0.9303288112209703,
    "precision": 0.9141436963398102,
    "recall": 0.9470973782771536,
    "accuracy": 0.8898582333696837,
    "tn": 850,
    "fp": 380,
    "fn": 226,
    "tp": 4046,
    "threshold": 0.30123942538359344,
    "val_best_f1": 0.9303127869886572
  }
}