{
  "overall_delay_rate": 0.7764628892403338,
  "airport_delay": {
    "ICN": 0.7764628892403338
  },
  "monthly_delay": {
    "10": 0.8288072161980616,
    "11": 0.7350412555536322,
    "12": 0.7957856982739296
  },
  "weekday_delay": {
    "0": 0.7532242540904716,
    "1": 0.7599443118536198,
    "2": 0.7909073830546685,
    "3": 0.805730659025788,
    "4": 0.7839805825242718,
    "5": 0.7737692596768132,
    "6": 0.7664429530201342
  },
  "congestion_correlation": 0.40358811934227723,
  "heatmap_index_hours": [
    0,
    1,
    2,
    3,
    4,
    5,
    6,
    7,
    8,
    9,
    10,
    11,
    12,
    13,
    14,
    15,
    16,
    17,
    18,
    19,
    20,
    21,
    22,
    23
  ]
}